{
  "accuracy": 0.9620758483033932,
  "precision_weighted": 0.9625533548474138,
  "recall_weighted": 0.9620758483033932,
  "f1_weighted": 0.9620747619384674,
  "confusion_matrix": [
    [
      2656,
      61
    ],
    [
      148,
      2646
    ]
  ],
  "class_names": [
    "Uninfected",
    "Parasitized"
  ]
}