{
  "accuracy": [
    0.8523154854774475,
    0.9442554712295532,
    0.9479294419288635,
    0.9502879977226257,
    0.9514219760894775,
    0.9534177184104919,
    0.9537351727485657,
    0.9559123516082764,
    0.9573184847831726,
    0.95695561170578,
    0.9581348896026611,
    0.9582256078720093,
    0.9588152766227722,
    0.9607203006744385,
    0.95867919921875
  ],
  "auc": [
    0.9267087578773499,
    0.9796933531761169,
    0.9822739362716675,
    0.9833632707595825,
    0.9852694869041443,
    0.9850354194641113,
    0.9855994582176208,
    0.9863808751106262,
    0.9883392453193665,
    0.9879892468452454,
    0.9888992309570312,
    0.9888349771499634,
    0.9894165992736816,
    0.9895141124725342,
    0.9896361231803894
  ],
  "loss": [
    0.36798906326293945,
    0.170433908700943,
    0.1590481847524643,
    0.1538030207157135,
    0.14632399380207062,
    0.14490371942520142,
    0.1411106437444687,
    0.1374882012605667,
    0.12897631525993347,
    0.1302233189344406,
    0.12573863565921783,
    0.12549714744091034,
    0.12232237309217453,
    0.11928670853376389,
    0.1213332936167717
  ],
  "val_accuracy": [
    0.8341498970985413,
    0.9283251762390137,
    0.9471965432167053,
    0.9446561336517334,
    0.9546361565589905,
    0.9580838084220886,
    0.9486481547355652,
    0.9548176527023315,
    0.9589911103248596,
    0.9611685872077942,
    0.9586281776428223,
    0.9595354795455933,
    0.9609870910644531,
    0.939393937587738,
    0.9620758295059204
  ],
  "val_auc": [
    0.9055086374282837,
    0.9583700895309448,
    0.982357382774353,
    0.9812115430831909,
    0.9863285422325134,
    0.9883495569229126,
    0.9803615212440491,
    0.9885785579681396,
    0.9904236793518066,
    0.9910573363304138,
    0.9915823936462402,
    0.9911147952079773,
    0.9926156997680664,
    0.9777984619140625,
    0.9921081066131592
  ],
  "val_loss": [
    0.49943938851356506,
    0.2912929952144623,
    0.163471519947052,
    0.16866806149482727,
    0.13896159827709198,
    0.1277603805065155,
    0.164624884724617,
    0.1307821422815323,
    0.12007960677146912,
    0.11418501287698746,
    0.1116490289568901,
    0.11549582332372665,
    0.10949477553367615,
    0.1821228414773941,
    0.1106603592634201
  ],
  "learning_rate": [
    0.0010000000474974513,
    0.0010000000474974513,
    0.0010000000474974513,
    0.0010000000474974513,
    0.0010000000474974513,
    0.0010000000474974513,
    0.0010000000474974513,
    0.0010000000474974513,
    0.0005000000237487257,
    0.0005000000237487257,
    0.0005000000237487257,
    0.0005000000237487257,
    0.0005000000237487257,
    0.0005000000237487257,
    0.0005000000237487257
  ]
}